edition,route_path,methods,route_file,controller,controller_import,controller_file
CE,/api/auth/google/callback,GET,server/src/app/api/auth/google/callback/route.ts,,,
CE,/api/auth/microsoft/callback,GET,server/src/app/api/auth/microsoft/callback/route.ts,,,
CE,/api/auth/session,GET,server/src/app/api/auth/session/route.ts,,,
CE,/api/auth/validate-api-key,POST,server/src/app/api/auth/validate-api-key/route.ts,,,
CE,/api/auth/validate-token,POST,server/src/app/api/auth/validate-token/route.ts,,,
CE,/api/auth/{nextauth},GET POST,server/src/app/api/auth/[...nextauth]/route.ts,,,
CE,/api/billing/licence-count,GET POST,server/src/app/api/billing/licence-count/route.ts,,,
CE,/api/chat/stream/title,POST,server/src/app/api/chat/stream/title/route.ts,,,
CE,/api/chat/stream/{slug},GET POST,server/src/app/api/chat/stream/[...slug]/route.ts,,,
CE,/api/documents/download/{fileId},GET,server/src/app/api/documents/download/[fileId]/route.ts,,,
CE,/api/documents/view/{fileId},GET,server/src/app/api/documents/view/[fileId]/route.ts,,,
CE,/api/documents/{documentId}/download,GET,server/src/app/api/documents/[documentId]/download/route.ts,,,
CE,/api/email/oauth/initiate,POST,server/src/app/api/email/oauth/initiate/route.ts,,,
CE,/api/email/refresh-watch,POST,server/src/app/api/email/refresh-watch/route.ts,,,
CE,/api/email/webhooks/google,OPTIONS POST,server/src/app/api/email/webhooks/google/route.ts,,,
CE,/api/email/webhooks/microsoft,GET OPTIONS POST,server/src/app/api/email/webhooks/microsoft/route.ts,,,
CE,/api/email/webhooks/test,POST,server/src/app/api/email/webhooks/test/route.ts,,,
CE,/api/ext/{extensionId}/{path},DELETE GET PATCH POST PUT,server/src/app/api/ext/[extensionId]/[...path]/route.ts,AbortController,,
CE,/api/extensions/softwareone/agreements,GET POST,server/src/app/api/extensions/softwareone/agreements/route.ts,,,
CE,/api/extensions/softwareone/agreements/{id},GET,server/src/app/api/extensions/softwareone/agreements/[id]/route.ts,,,
CE,/api/extensions/softwareone/statements,GET POST,server/src/app/api/extensions/softwareone/statements/route.ts,,,
CE,/api/extensions/softwareone/statements/{id},GET,server/src/app/api/extensions/softwareone/statements/[id]/route.ts,,,
CE,/api/extensions/softwareone/statements/{id}/charges,GET,server/src/app/api/extensions/softwareone/statements/[id]/charges/route.ts,,,
CE,/api/extensions/softwareone/sync,POST,server/src/app/api/extensions/softwareone/sync/route.ts,,,
CE,/api/extensions/{extensionId}/agreements,GET,server/src/app/api/extensions/[extensionId]/agreements/route.ts,,,
CE,/api/extensions/{extensionId}/agreements/{id},GET,server/src/app/api/extensions/[extensionId]/agreements/[id]/route.ts,,,
CE,/api/extensions/{extensionId}/statements,GET,server/src/app/api/extensions/[extensionId]/statements/route.ts,,,
CE,/api/extensions/{extensionId}/statements/{id},GET,server/src/app/api/extensions/[extensionId]/statements/[id]/route.ts,,,
CE,/api/extensions/{extensionId}/statements/{id}/charges,GET,server/src/app/api/extensions/[extensionId]/statements/[id]/charges/route.ts,,,
CE,/api/extensions/{extensionId}/sync,POST,server/src/app/api/extensions/[extensionId]/sync/route.ts,,,
CE,/api/files/{fileId}/download,GET,server/src/app/api/files/[fileId]/download/route.ts,,,
CE,/api/health,GET,server/src/app/api/health/route.ts,,,
CE,/api/healthz,GET,server/src/app/api/healthz/route.ts,,,
CE,/api/installs/lookup-by-host,GET,server/src/app/api/installs/lookup-by-host/route.ts,,,
CE,/api/installs/validate,GET,server/src/app/api/installs/validate/route.ts,,,
CE,/api/integrations/qbo/callback,GET,server/src/app/api/integrations/qbo/callback/route.ts,,,
CE,/api/integrations/qbo/connect,GET,server/src/app/api/integrations/qbo/connect/route.ts,,,
CE,/api/integrations/qbo/status,GET,server/src/app/api/integrations/qbo/status/route.ts,,,
CE,/api/readyz,GET,server/src/app/api/readyz/route.ts,,,
CE,/api/v1/admin/telemetry-settings,GET POST,server/src/app/api/v1/admin/telemetry-settings/route.ts,,,
CE,/api/v1/assets,GET POST,server/src/app/api/v1/assets/route.ts,ApiAssetController,@/lib/api/controllers/ApiAssetController,server/src/lib/api/controllers/ApiAssetController.ts
CE,/api/v1/assets/bulk-status,PUT,server/src/app/api/v1/assets/bulk-status/route.ts,ApiAssetController,@/lib/api/controllers/ApiAssetController,server/src/lib/api/controllers/ApiAssetController.ts
CE,/api/v1/assets/bulk-update,PUT,server/src/app/api/v1/assets/bulk-update/route.ts,ApiAssetController,@/lib/api/controllers/ApiAssetController,server/src/lib/api/controllers/ApiAssetController.ts
CE,/api/v1/assets/documents/{associationId},DELETE,server/src/app/api/v1/assets/documents/[associationId]/route.ts,ApiAssetController,@/lib/api/controllers/ApiAssetController,server/src/lib/api/controllers/ApiAssetController.ts
CE,/api/v1/assets/export,GET,server/src/app/api/v1/assets/export/route.ts,ApiAssetController,@/lib/api/controllers/ApiAssetController,server/src/lib/api/controllers/ApiAssetController.ts
CE,/api/v1/assets/maintenance/{scheduleId},DELETE PUT,server/src/app/api/v1/assets/maintenance/[scheduleId]/route.ts,ApiAssetController,@/lib/api/controllers/ApiAssetController,server/src/lib/api/controllers/ApiAssetController.ts
CE,/api/v1/assets/relationships/{relationshipId},DELETE,server/src/app/api/v1/assets/relationships/[relationshipId]/route.ts,ApiAssetController,@/lib/api/controllers/ApiAssetController,server/src/lib/api/controllers/ApiAssetController.ts
CE,/api/v1/assets/search,GET,server/src/app/api/v1/assets/search/route.ts,ApiAssetController,@/lib/api/controllers/ApiAssetController,server/src/lib/api/controllers/ApiAssetController.ts
CE,/api/v1/assets/stats,GET,server/src/app/api/v1/assets/stats/route.ts,ApiAssetController,@/lib/api/controllers/ApiAssetController,server/src/lib/api/controllers/ApiAssetController.ts
CE,/api/v1/assets/{id},DELETE GET PUT,server/src/app/api/v1/assets/[id]/route.ts,ApiAssetController,@/lib/api/controllers/ApiAssetController,server/src/lib/api/controllers/ApiAssetController.ts
CE,/api/v1/assets/{id}/documents,GET POST,server/src/app/api/v1/assets/[id]/documents/route.ts,ApiAssetController,@/lib/api/controllers/ApiAssetController,server/src/lib/api/controllers/ApiAssetController.ts
CE,/api/v1/assets/{id}/history,GET,server/src/app/api/v1/assets/[id]/history/route.ts,ApiAssetController,@/lib/api/controllers/ApiAssetController,server/src/lib/api/controllers/ApiAssetController.ts
CE,/api/v1/assets/{id}/maintenance,GET POST,server/src/app/api/v1/assets/[id]/maintenance/route.ts,ApiAssetController,@/lib/api/controllers/ApiAssetController,server/src/lib/api/controllers/ApiAssetController.ts
CE,/api/v1/assets/{id}/maintenance/record,POST,server/src/app/api/v1/assets/[id]/maintenance/record/route.ts,ApiAssetController,@/lib/api/controllers/ApiAssetController,server/src/lib/api/controllers/ApiAssetController.ts
CE,/api/v1/assets/{id}/relationships,GET POST,server/src/app/api/v1/assets/[id]/relationships/route.ts,ApiAssetController,@/lib/api/controllers/ApiAssetController,server/src/lib/api/controllers/ApiAssetController.ts
CE,/api/v1/automation/executions,GET,server/src/app/api/v1/automation/executions/route.ts,ApiAutomationController,server/src/lib/api/controllers/ApiAutomationController,server/src/lib/api/controllers/ApiAutomationController.ts
CE,/api/v1/automation/executions/{id},GET,server/src/app/api/v1/automation/executions/[id]/route.ts,ApiAutomationController,server/src/lib/api/controllers/ApiAutomationController,server/src/lib/api/controllers/ApiAutomationController.ts
CE,/api/v1/automation/executions/{id}/retry,POST,server/src/app/api/v1/automation/executions/[id]/retry/route.ts,ApiAutomationController,server/src/lib/api/controllers/ApiAutomationController,server/src/lib/api/controllers/ApiAutomationController.ts
CE,/api/v1/automation/meta,GET,server/src/app/api/v1/automation/meta/route.ts,ApiAutomationController,server/src/lib/api/controllers/ApiAutomationController,server/src/lib/api/controllers/ApiAutomationController.ts
CE,/api/v1/automation/performance,GET,server/src/app/api/v1/automation/performance/route.ts,ApiAutomationController,server/src/lib/api/controllers/ApiAutomationController,server/src/lib/api/controllers/ApiAutomationController.ts
CE,/api/v1/automation/rules,GET POST,server/src/app/api/v1/automation/rules/route.ts,ApiAutomationController,server/src/lib/api/controllers/ApiAutomationController,server/src/lib/api/controllers/ApiAutomationController.ts
CE,/api/v1/automation/rules/bulk-execute,POST,server/src/app/api/v1/automation/rules/bulk-execute/route.ts,ApiAutomationController,server/src/lib/api/controllers/ApiAutomationController,server/src/lib/api/controllers/ApiAutomationController.ts
CE,/api/v1/automation/rules/bulk-status,POST,server/src/app/api/v1/automation/rules/bulk-status/route.ts,ApiAutomationController,server/src/lib/api/controllers/ApiAutomationController,server/src/lib/api/controllers/ApiAutomationController.ts
CE,/api/v1/automation/rules/{id},DELETE GET PUT,server/src/app/api/v1/automation/rules/[id]/route.ts,ApiAutomationController,server/src/lib/api/controllers/ApiAutomationController,server/src/lib/api/controllers/ApiAutomationController.ts
CE,/api/v1/automation/rules/{id}/execute,POST,server/src/app/api/v1/automation/rules/[id]/execute/route.ts,ApiAutomationController,server/src/lib/api/controllers/ApiAutomationController,server/src/lib/api/controllers/ApiAutomationController.ts
CE,/api/v1/automation/statistics,GET,server/src/app/api/v1/automation/statistics/route.ts,ApiAutomationController,server/src/lib/api/controllers/ApiAutomationController,server/src/lib/api/controllers/ApiAutomationController.ts
CE,/api/v1/automation/templates,GET POST,server/src/app/api/v1/automation/templates/route.ts,ApiAutomationController,server/src/lib/api/controllers/ApiAutomationController,server/src/lib/api/controllers/ApiAutomationController.ts
CE,/api/v1/automation/templates/{id},GET,server/src/app/api/v1/automation/templates/[id]/route.ts,ApiAutomationController,server/src/lib/api/controllers/ApiAutomationController,server/src/lib/api/controllers/ApiAutomationController.ts
CE,/api/v1/automation/templates/{id}/use,POST,server/src/app/api/v1/automation/templates/[id]/use/route.ts,ApiAutomationController,server/src/lib/api/controllers/ApiAutomationController,server/src/lib/api/controllers/ApiAutomationController.ts
CE,/api/v1/billing-analytics/overview,GET,server/src/app/api/v1/billing-analytics/overview/route.ts,ApiContractLineController,@/lib/api/controllers/ApiContractLineController,server/src/lib/api/controllers/ApiContractLineController.ts
CE,/api/v1/contract-lines,GET POST,server/src/app/api/v1/contract-lines/route.ts,ApiContractLineController,@/lib/api/controllers/ApiContractLineController,server/src/lib/api/controllers/ApiContractLineController.ts
CE,/api/v1/contract-lines/bulk,DELETE POST PUT,server/src/app/api/v1/contract-lines/bulk/route.ts,ApiContractLineController,server/src/lib/api/controllers/ApiContractLineController,server/src/lib/api/controllers/ApiContractLineController.ts
CE,/api/v1/contract-lines/bulk/add-services,POST,server/src/app/api/v1/contract-lines/bulk/add-services/route.ts,ApiContractLineController,@/lib/api/controllers/ApiContractLineController,server/src/lib/api/controllers/ApiContractLineController.ts
CE,/api/v1/contract-lines/bulk/create,POST,server/src/app/api/v1/contract-lines/bulk/create/route.ts,ApiContractLineController,@/lib/api/controllers/ApiContractLineController,server/src/lib/api/controllers/ApiContractLineController.ts
CE,/api/v1/contract-lines/bulk/delete,DELETE,server/src/app/api/v1/contract-lines/bulk/delete/route.ts,ApiContractLineController,@/lib/api/controllers/ApiContractLineController,server/src/lib/api/controllers/ApiContractLineController.ts
CE,/api/v1/contract-lines/bulk/remove-services,DELETE,server/src/app/api/v1/contract-lines/bulk/remove-services/route.ts,ApiContractLineController,@/lib/api/controllers/ApiContractLineController,server/src/lib/api/controllers/ApiContractLineController.ts
CE,/api/v1/contract-lines/bulk/update,PUT,server/src/app/api/v1/contract-lines/bulk/update/route.ts,ApiContractLineController,@/lib/api/controllers/ApiContractLineController,server/src/lib/api/controllers/ApiContractLineController.ts
CE,/api/v1/contract-lines/{id},DELETE GET PUT,server/src/app/api/v1/contract-lines/[id]/route.ts,ApiContractLineController,@/lib/api/controllers/ApiContractLineController,server/src/lib/api/controllers/ApiContractLineController.ts
CE,/api/v1/contract-lines/{id}/activation,PUT,server/src/app/api/v1/contract-lines/[id]/activation/route.ts,ApiContractLineController,@/lib/api/controllers/ApiContractLineController,server/src/lib/api/controllers/ApiContractLineController.ts
CE,/api/v1/contract-lines/{id}/analytics,GET,server/src/app/api/v1/contract-lines/[id]/analytics/route.ts,ApiContractLineController,@/lib/api/controllers/ApiContractLineController,server/src/lib/api/controllers/ApiContractLineController.ts
CE,/api/v1/contract-lines/{id}/copy,POST,server/src/app/api/v1/contract-lines/[id]/copy/route.ts,ApiContractLineController,@/lib/api/controllers/ApiContractLineController,server/src/lib/api/controllers/ApiContractLineController.ts
CE,/api/v1/contract-lines/{id}/fixed-config,GET PUT,server/src/app/api/v1/contract-lines/[id]/fixed-config/route.ts,ApiContractLineController,@/lib/api/controllers/ApiContractLineController,server/src/lib/api/controllers/ApiContractLineController.ts
CE,/api/v1/contract-lines/{id}/services,GET POST,server/src/app/api/v1/contract-lines/[id]/services/route.ts,ApiContractLineController,@/lib/api/controllers/ApiContractLineController,server/src/lib/api/controllers/ApiContractLineController.ts
CE,/api/v1/contract-lines/{id}/services/{serviceId},DELETE GET PUT,server/src/app/api/v1/contract-lines/[id]/services/[serviceId]/route.ts,ApiContractLineController,server/src/lib/api/controllers/ApiContractLineController,server/src/lib/api/controllers/ApiContractLineController.ts
CE,/api/v1/contract-lines/{id}/usage-metrics,GET,server/src/app/api/v1/contract-lines/[id]/usage-metrics/route.ts,ApiContractLineController,@/lib/api/controllers/ApiContractLineController,server/src/lib/api/controllers/ApiContractLineController.ts
CE,/api/v1/categories/analytics,GET,server/src/app/api/v1/categories/analytics/route.ts,ApiCategoryController,server/src/lib/api/controllers/ApiCategoryController,server/src/lib/api/controllers/ApiCategoryController.ts
CE,/api/v1/categories/bulk/delete,POST,server/src/app/api/v1/categories/bulk/delete/route.ts,ApiCategoryController,server/src/lib/api/controllers/ApiCategoryController,server/src/lib/api/controllers/ApiCategoryController.ts
CE,/api/v1/categories/search,GET,server/src/app/api/v1/categories/search/route.ts,ApiCategoryController,server/src/lib/api/controllers/ApiCategoryController,server/src/lib/api/controllers/ApiCategoryController.ts
CE,/api/v1/categories/service,GET POST,server/src/app/api/v1/categories/service/route.ts,ApiCategoryController,server/src/lib/api/controllers/ApiCategoryController,server/src/lib/api/controllers/ApiCategoryController.ts
CE,/api/v1/categories/service/{id},DELETE GET PUT,server/src/app/api/v1/categories/service/[id]/route.ts,ApiCategoryController,server/src/lib/api/controllers/ApiCategoryController,server/src/lib/api/controllers/ApiCategoryController.ts
CE,/api/v1/categories/ticket,GET POST,server/src/app/api/v1/categories/ticket/route.ts,ApiCategoryController,server/src/lib/api/controllers/ApiCategoryController,server/src/lib/api/controllers/ApiCategoryController.ts
CE,/api/v1/categories/ticket/move,POST,server/src/app/api/v1/categories/ticket/move/route.ts,ApiCategoryController,server/src/lib/api/controllers/ApiCategoryController,server/src/lib/api/controllers/ApiCategoryController.ts
CE,/api/v1/categories/ticket/tree,GET,server/src/app/api/v1/categories/ticket/tree/route.ts,ApiCategoryController,server/src/lib/api/controllers/ApiCategoryController,server/src/lib/api/controllers/ApiCategoryController.ts
CE,/api/v1/categories/ticket/tree/{boardId},GET,server/src/app/api/v1/categories/ticket/tree/[boardId]/route.ts,ApiCategoryController,server/src/lib/api/controllers/ApiCategoryController,server/src/lib/api/controllers/ApiCategoryController.ts
CE,/api/v1/categories/ticket/{id},DELETE GET PUT,server/src/app/api/v1/categories/ticket/[id]/route.ts,ApiCategoryController,server/src/lib/api/controllers/ApiCategoryController,server/src/lib/api/controllers/ApiCategoryController.ts
CE,/api/v1/clients,GET POST,server/src/app/api/v1/clients/route.ts,ApiClientController,@/lib/api/controllers/ApiClientController,server/src/lib/api/controllers/ApiClientController.ts
CE,/api/v1/clients/stats,GET,server/src/app/api/v1/clients/stats/route.ts,ApiClientController,@/lib/api/controllers/ApiClientController,server/src/lib/api/controllers/ApiClientController.ts
CE,/api/v1/clients/{id},DELETE GET PUT,server/src/app/api/v1/clients/[id]/route.ts,ApiClientController,@/lib/api/controllers/ApiClientController,server/src/lib/api/controllers/ApiClientController.ts
CE,/api/v1/clients/{id}/contacts,GET,server/src/app/api/v1/clients/[id]/contacts/route.ts,ApiClientController,@/lib/api/controllers/ApiClientController,server/src/lib/api/controllers/ApiClientController.ts
CE,/api/v1/clients/{id}/locations,GET POST,server/src/app/api/v1/clients/[id]/locations/route.ts,ApiClientController,@/lib/api/controllers/ApiClientController,server/src/lib/api/controllers/ApiClientController.ts
CE,/api/v1/client-contract-lines,GET POST,server/src/app/api/v1/client-contract-lines/route.ts,ApiContractLineController,@/lib/api/controllers/ApiContractLineController,server/src/lib/api/controllers/ApiContractLineController.ts
CE,/api/v1/client-contract-lines/{id},DELETE,server/src/app/api/v1/client-contract-lines/[id]/route.ts,ApiContractLineController,@/lib/api/controllers/ApiContractLineController,server/src/lib/api/controllers/ApiContractLineController.ts
CE,/api/v1/contacts,GET POST,server/src/app/api/v1/contacts/route.ts,ApiContactController,server/src/lib/api/controllers/ApiContactController,server/src/lib/api/controllers/ApiContactController.ts
CE,/api/v1/contacts/export,GET,server/src/app/api/v1/contacts/export/route.ts,ApiContactController,server/src/lib/api/controllers/ApiContactController,server/src/lib/api/controllers/ApiContactController.ts
CE,/api/v1/contacts/search,GET,server/src/app/api/v1/contacts/search/route.ts,ApiContactController,server/src/lib/api/controllers/ApiContactController,server/src/lib/api/controllers/ApiContactController.ts
CE,/api/v1/contacts/stats,GET,server/src/app/api/v1/contacts/stats/route.ts,ApiContactController,server/src/lib/api/controllers/ApiContactController,server/src/lib/api/controllers/ApiContactController.ts
CE,/api/v1/contacts/{id},DELETE GET PUT,server/src/app/api/v1/contacts/[id]/route.ts,ApiContactController,server/src/lib/api/controllers/ApiContactController,server/src/lib/api/controllers/ApiContactController.ts
CE,/api/v1/feature-access,POST,server/src/app/api/v1/feature-access/route.ts,ApiPermissionController,@/lib/api/controllers/ApiPermissionController,server/src/lib/api/controllers/ApiPermissionController.ts
CE,/api/v1/feature-flags,GET POST,server/src/app/api/v1/feature-flags/route.ts,,,
CE,/api/v1/financial/billing/calculate,POST,server/src/app/api/v1/financial/billing/calculate/route.ts,ApiFinancialController,server/src/lib/api/controllers/ApiFinancialController,server/src/lib/api/controllers/ApiFinancialController.ts
CE,/api/v1/financial/billing/payment-terms,GET,server/src/app/api/v1/financial/billing/payment-terms/route.ts,ApiFinancialController,server/src/lib/api/controllers/ApiFinancialController,server/src/lib/api/controllers/ApiFinancialController.ts
CE,/api/v1/financial/bulk/credits,POST,server/src/app/api/v1/financial/bulk/credits/route.ts,ApiFinancialController,server/src/lib/api/controllers/ApiFinancialController,server/src/lib/api/controllers/ApiFinancialController.ts
CE,/api/v1/financial/bulk/invoices,POST,server/src/app/api/v1/financial/bulk/invoices/route.ts,ApiFinancialController,server/src/lib/api/controllers/ApiFinancialController,server/src/lib/api/controllers/ApiFinancialController.ts
CE,/api/v1/financial/bulk/transactions,POST,server/src/app/api/v1/financial/bulk/transactions/route.ts,ApiFinancialController,server/src/lib/api/controllers/ApiFinancialController,server/src/lib/api/controllers/ApiFinancialController.ts
CE,/api/v1/financial/credits,GET,server/src/app/api/v1/financial/credits/route.ts,ApiFinancialController,server/src/lib/api/controllers/ApiFinancialController,server/src/lib/api/controllers/ApiFinancialController.ts
CE,/api/v1/financial/credits/apply,POST,server/src/app/api/v1/financial/credits/apply/route.ts,ApiFinancialController,server/src/lib/api/controllers/ApiFinancialController,server/src/lib/api/controllers/ApiFinancialController.ts
CE,/api/v1/financial/credits/prepayment,POST,server/src/app/api/v1/financial/credits/prepayment/route.ts,ApiFinancialController,server/src/lib/api/controllers/ApiFinancialController,server/src/lib/api/controllers/ApiFinancialController.ts
CE,/api/v1/financial/credits/transfer,POST,server/src/app/api/v1/financial/credits/transfer/route.ts,ApiFinancialController,server/src/lib/api/controllers/ApiFinancialController,server/src/lib/api/controllers/ApiFinancialController.ts
CE,/api/v1/financial/credits/validate,POST,server/src/app/api/v1/financial/credits/validate/route.ts,ApiFinancialController,server/src/lib/api/controllers/ApiFinancialController,server/src/lib/api/controllers/ApiFinancialController.ts
CE,/api/v1/financial/invoices,GET,server/src/app/api/v1/financial/invoices/route.ts,ApiFinancialController,server/src/lib/api/controllers/ApiFinancialController,server/src/lib/api/controllers/ApiFinancialController.ts
CE,/api/v1/financial/invoices/{id}/finalize,POST,server/src/app/api/v1/financial/invoices/[id]/finalize/route.ts,ApiFinancialController,server/src/lib/api/controllers/ApiFinancialController,server/src/lib/api/controllers/ApiFinancialController.ts
CE,/api/v1/financial/invoices/{id}/items,POST,server/src/app/api/v1/financial/invoices/[id]/items/route.ts,ApiFinancialController,server/src/lib/api/controllers/ApiFinancialController,server/src/lib/api/controllers/ApiFinancialController.ts
CE,/api/v1/financial/payment-methods,GET POST,server/src/app/api/v1/financial/payment-methods/route.ts,ApiFinancialController,server/src/lib/api/controllers/ApiFinancialController,server/src/lib/api/controllers/ApiFinancialController.ts
CE,/api/v1/financial/payment-methods/{id},DELETE GET PUT,server/src/app/api/v1/financial/payment-methods/[id]/route.ts,ApiFinancialController,server/src/lib/api/controllers/ApiFinancialController,server/src/lib/api/controllers/ApiFinancialController.ts
CE,/api/v1/financial/reconciliation/run,POST,server/src/app/api/v1/financial/reconciliation/run/route.ts,ApiFinancialController,server/src/lib/api/controllers/ApiFinancialController,server/src/lib/api/controllers/ApiFinancialController.ts
CE,/api/v1/financial/reconciliation/{id}/resolve,POST,server/src/app/api/v1/financial/reconciliation/[id]/resolve/route.ts,ApiFinancialController,server/src/lib/api/controllers/ApiFinancialController,server/src/lib/api/controllers/ApiFinancialController.ts
CE,/api/v1/financial/reports/aging,GET,server/src/app/api/v1/financial/reports/aging/route.ts,ApiFinancialController,server/src/lib/api/controllers/ApiFinancialController,server/src/lib/api/controllers/ApiFinancialController.ts
CE,/api/v1/financial/reports/analytics,GET,server/src/app/api/v1/financial/reports/analytics/route.ts,ApiFinancialController,server/src/lib/api/controllers/ApiFinancialController,server/src/lib/api/controllers/ApiFinancialController.ts
CE,/api/v1/financial/reports/balance,GET,server/src/app/api/v1/financial/reports/balance/route.ts,ApiFinancialController,server/src/lib/api/controllers/ApiFinancialController,server/src/lib/api/controllers/ApiFinancialController.ts
CE,/api/v1/financial/tax/calculate,POST,server/src/app/api/v1/financial/tax/calculate/route.ts,ApiFinancialController,server/src/lib/api/controllers/ApiFinancialController,server/src/lib/api/controllers/ApiFinancialController.ts
CE,/api/v1/financial/tax/rates,GET,server/src/app/api/v1/financial/tax/rates/route.ts,ApiFinancialController,server/src/lib/api/controllers/ApiFinancialController,server/src/lib/api/controllers/ApiFinancialController.ts
CE,/api/v1/financial/transactions,GET POST,server/src/app/api/v1/financial/transactions/route.ts,ApiFinancialController,server/src/lib/api/controllers/ApiFinancialController,server/src/lib/api/controllers/ApiFinancialController.ts
CE,/api/v1/financial/transactions/{id},GET PUT,server/src/app/api/v1/financial/transactions/[id]/route.ts,ApiFinancialController,server/src/lib/api/controllers/ApiFinancialController,server/src/lib/api/controllers/ApiFinancialController.ts
CE,/api/v1/integrations/quickbooks/accounts,GET,server/src/app/api/v1/integrations/quickbooks/accounts/route.ts,ApiQuickBooksController,server/src/lib/api/controllers/ApiQuickBooksController,server/src/lib/api/controllers/ApiQuickBooksController.ts
CE,/api/v1/integrations/quickbooks/accounts/mappings,GET PUT,server/src/app/api/v1/integrations/quickbooks/accounts/mappings/route.ts,ApiQuickBooksController,server/src/lib/api/controllers/ApiQuickBooksController,server/src/lib/api/controllers/ApiQuickBooksController.ts
CE,/api/v1/integrations/quickbooks/connection/refresh,POST,server/src/app/api/v1/integrations/quickbooks/connection/refresh/route.ts,ApiQuickBooksController,server/src/lib/api/controllers/ApiQuickBooksController,server/src/lib/api/controllers/ApiQuickBooksController.ts
CE,/api/v1/integrations/quickbooks/connection/status,GET,server/src/app/api/v1/integrations/quickbooks/connection/status/route.ts,ApiQuickBooksController,server/src/lib/api/controllers/ApiQuickBooksController,server/src/lib/api/controllers/ApiQuickBooksController.ts
CE,/api/v1/integrations/quickbooks/connection/test,POST,server/src/app/api/v1/integrations/quickbooks/connection/test/route.ts,ApiQuickBooksController,server/src/lib/api/controllers/ApiQuickBooksController,server/src/lib/api/controllers/ApiQuickBooksController.ts
CE,/api/v1/integrations/quickbooks/customers/mappings,GET,server/src/app/api/v1/integrations/quickbooks/customers/mappings/route.ts,ApiQuickBooksController,server/src/lib/api/controllers/ApiQuickBooksController,server/src/lib/api/controllers/ApiQuickBooksController.ts
CE,/api/v1/integrations/quickbooks/customers/mappings/{mapping_id},DELETE,server/src/app/api/v1/integrations/quickbooks/customers/mappings/[mapping_id]/route.ts,ApiQuickBooksController,server/src/lib/api/controllers/ApiQuickBooksController,server/src/lib/api/controllers/ApiQuickBooksController.ts
CE,/api/v1/integrations/quickbooks/customers/sync,POST,server/src/app/api/v1/integrations/quickbooks/customers/sync/route.ts,ApiQuickBooksController,server/src/lib/api/controllers/ApiQuickBooksController,server/src/lib/api/controllers/ApiQuickBooksController.ts
CE,/api/v1/integrations/quickbooks/diagnostics,POST,server/src/app/api/v1/integrations/quickbooks/diagnostics/route.ts,ApiQuickBooksController,server/src/lib/api/controllers/ApiQuickBooksController,server/src/lib/api/controllers/ApiQuickBooksController.ts
CE,/api/v1/integrations/quickbooks/health,GET,server/src/app/api/v1/integrations/quickbooks/health/route.ts,ApiQuickBooksController,server/src/lib/api/controllers/ApiQuickBooksController,server/src/lib/api/controllers/ApiQuickBooksController.ts
CE,/api/v1/integrations/quickbooks/health/config,GET PUT,server/src/app/api/v1/integrations/quickbooks/health/config/route.ts,ApiQuickBooksController,server/src/lib/api/controllers/ApiQuickBooksController,server/src/lib/api/controllers/ApiQuickBooksController.ts
CE,/api/v1/integrations/quickbooks/invoices/export,POST,server/src/app/api/v1/integrations/quickbooks/invoices/export/route.ts,ApiQuickBooksController,server/src/lib/api/controllers/ApiQuickBooksController,server/src/lib/api/controllers/ApiQuickBooksController.ts
CE,/api/v1/integrations/quickbooks/invoices/import,POST,server/src/app/api/v1/integrations/quickbooks/invoices/import/route.ts,ApiQuickBooksController,server/src/lib/api/controllers/ApiQuickBooksController,server/src/lib/api/controllers/ApiQuickBooksController.ts
CE,/api/v1/integrations/quickbooks/items,GET,server/src/app/api/v1/integrations/quickbooks/items/route.ts,ApiQuickBooksController,server/src/lib/api/controllers/ApiQuickBooksController,server/src/lib/api/controllers/ApiQuickBooksController.ts
CE,/api/v1/integrations/quickbooks/mappings,GET POST,server/src/app/api/v1/integrations/quickbooks/mappings/route.ts,ApiQuickBooksController,server/src/lib/api/controllers/ApiQuickBooksController,server/src/lib/api/controllers/ApiQuickBooksController.ts
CE,/api/v1/integrations/quickbooks/mappings/{mapping_id},DELETE GET PUT,server/src/app/api/v1/integrations/quickbooks/mappings/[mapping_id]/route.ts,ApiQuickBooksController,server/src/lib/api/controllers/ApiQuickBooksController,server/src/lib/api/controllers/ApiQuickBooksController.ts
CE,/api/v1/integrations/quickbooks/oauth/callback,POST,server/src/app/api/v1/integrations/quickbooks/oauth/callback/route.ts,ApiQuickBooksController,server/src/lib/api/controllers/ApiQuickBooksController,server/src/lib/api/controllers/ApiQuickBooksController.ts
CE,/api/v1/integrations/quickbooks/oauth/disconnect,DELETE,server/src/app/api/v1/integrations/quickbooks/oauth/disconnect/route.ts,ApiQuickBooksController,server/src/lib/api/controllers/ApiQuickBooksController,server/src/lib/api/controllers/ApiQuickBooksController.ts
CE,/api/v1/integrations/quickbooks/oauth/initiate,POST,server/src/app/api/v1/integrations/quickbooks/oauth/initiate/route.ts,ApiQuickBooksController,server/src/lib/api/controllers/ApiQuickBooksController,server/src/lib/api/controllers/ApiQuickBooksController.ts
CE,/api/v1/integrations/quickbooks/payment-methods,GET,server/src/app/api/v1/integrations/quickbooks/payment-methods/route.ts,ApiQuickBooksController,server/src/lib/api/controllers/ApiQuickBooksController,server/src/lib/api/controllers/ApiQuickBooksController.ts
CE,/api/v1/integrations/quickbooks/payments/sync,POST,server/src/app/api/v1/integrations/quickbooks/payments/sync/route.ts,ApiQuickBooksController,server/src/lib/api/controllers/ApiQuickBooksController,server/src/lib/api/controllers/ApiQuickBooksController.ts
CE,/api/v1/integrations/quickbooks/sync/bulk,POST,server/src/app/api/v1/integrations/quickbooks/sync/bulk/route.ts,ApiQuickBooksController,server/src/lib/api/controllers/ApiQuickBooksController,server/src/lib/api/controllers/ApiQuickBooksController.ts
CE,/api/v1/integrations/quickbooks/sync/full,POST,server/src/app/api/v1/integrations/quickbooks/sync/full/route.ts,ApiQuickBooksController,server/src/lib/api/controllers/ApiQuickBooksController,server/src/lib/api/controllers/ApiQuickBooksController.ts
CE,/api/v1/integrations/quickbooks/sync/history,GET,server/src/app/api/v1/integrations/quickbooks/sync/history/route.ts,ApiQuickBooksController,server/src/lib/api/controllers/ApiQuickBooksController,server/src/lib/api/controllers/ApiQuickBooksController.ts
CE,/api/v1/integrations/quickbooks/sync/status,GET,server/src/app/api/v1/integrations/quickbooks/sync/status/route.ts,ApiQuickBooksController,server/src/lib/api/controllers/ApiQuickBooksController,server/src/lib/api/controllers/ApiQuickBooksController.ts
CE,/api/v1/integrations/quickbooks/sync/status/{sync_id},GET,server/src/app/api/v1/integrations/quickbooks/sync/status/[sync_id]/route.ts,ApiQuickBooksController,server/src/lib/api/controllers/ApiQuickBooksController,server/src/lib/api/controllers/ApiQuickBooksController.ts
CE,/api/v1/integrations/quickbooks/sync/{sync_id}/cancel,POST,server/src/app/api/v1/integrations/quickbooks/sync/[sync_id]/cancel/route.ts,ApiQuickBooksController,server/src/lib/api/controllers/ApiQuickBooksController,server/src/lib/api/controllers/ApiQuickBooksController.ts
CE,/api/v1/integrations/quickbooks/sync/{sync_id}/retry,POST,server/src/app/api/v1/integrations/quickbooks/sync/[sync_id]/retry/route.ts,ApiQuickBooksController,server/src/lib/api/controllers/ApiQuickBooksController,server/src/lib/api/controllers/ApiQuickBooksController.ts
CE,/api/v1/integrations/quickbooks/tax-codes,GET,server/src/app/api/v1/integrations/quickbooks/tax-codes/route.ts,ApiQuickBooksController,server/src/lib/api/controllers/ApiQuickBooksController,server/src/lib/api/controllers/ApiQuickBooksController.ts
CE,/api/v1/integrations/quickbooks/tax-codes/mappings,GET PUT,server/src/app/api/v1/integrations/quickbooks/tax-codes/mappings/route.ts,ApiQuickBooksController,server/src/lib/api/controllers/ApiQuickBooksController,server/src/lib/api/controllers/ApiQuickBooksController.ts
CE,/api/v1/integrations/quickbooks/terms,GET,server/src/app/api/v1/integrations/quickbooks/terms/route.ts,ApiQuickBooksController,server/src/lib/api/controllers/ApiQuickBooksController,server/src/lib/api/controllers/ApiQuickBooksController.ts
CE,/api/v1/invoices,GET POST,server/src/app/api/v1/invoices/route.ts,ApiInvoiceController,server/src/lib/api/controllers/ApiInvoiceController,server/src/lib/api/controllers/ApiInvoiceController.ts
CE,/api/v1/invoices/analytics,GET,server/src/app/api/v1/invoices/analytics/route.ts,ApiInvoiceController,server/src/lib/api/controllers/ApiInvoiceController,server/src/lib/api/controllers/ApiInvoiceController.ts
CE,/api/v1/invoices/bulk,POST,server/src/app/api/v1/invoices/bulk/route.ts,ApiInvoiceController,server/src/lib/api/controllers/ApiInvoiceController,server/src/lib/api/controllers/ApiInvoiceController.ts
CE,/api/v1/invoices/bulk/credit,POST,server/src/app/api/v1/invoices/bulk/credit/route.ts,ApiInvoiceController,server/src/lib/api/controllers/ApiInvoiceController,server/src/lib/api/controllers/ApiInvoiceController.ts
CE,/api/v1/invoices/bulk/delete,POST,server/src/app/api/v1/invoices/bulk/delete/route.ts,ApiInvoiceController,server/src/lib/api/controllers/ApiInvoiceController,server/src/lib/api/controllers/ApiInvoiceController.ts
CE,/api/v1/invoices/bulk/send,POST,server/src/app/api/v1/invoices/bulk/send/route.ts,ApiInvoiceController,server/src/lib/api/controllers/ApiInvoiceController,server/src/lib/api/controllers/ApiInvoiceController.ts
CE,/api/v1/invoices/export,GET,server/src/app/api/v1/invoices/export/route.ts,ApiInvoiceController,server/src/lib/api/controllers/ApiInvoiceController,server/src/lib/api/controllers/ApiInvoiceController.ts
CE,/api/v1/invoices/generate,POST,server/src/app/api/v1/invoices/generate/route.ts,ApiInvoiceController,server/src/lib/api/controllers/ApiInvoiceController,server/src/lib/api/controllers/ApiInvoiceController.ts
CE,/api/v1/invoices/manual,POST,server/src/app/api/v1/invoices/manual/route.ts,ApiInvoiceController,server/src/lib/api/controllers/ApiInvoiceController,server/src/lib/api/controllers/ApiInvoiceController.ts
CE,/api/v1/invoices/preview,POST,server/src/app/api/v1/invoices/preview/route.ts,ApiInvoiceController,server/src/lib/api/controllers/ApiInvoiceController,server/src/lib/api/controllers/ApiInvoiceController.ts
CE,/api/v1/invoices/recurring,GET POST,server/src/app/api/v1/invoices/recurring/route.ts,ApiInvoiceController,server/src/lib/api/controllers/ApiInvoiceController,server/src/lib/api/controllers/ApiInvoiceController.ts
CE,/api/v1/invoices/recurring/{id},DELETE PUT,server/src/app/api/v1/invoices/recurring/[id]/route.ts,ApiInvoiceController,server/src/lib/api/controllers/ApiInvoiceController,server/src/lib/api/controllers/ApiInvoiceController.ts
CE,/api/v1/invoices/search,GET,server/src/app/api/v1/invoices/search/route.ts,ApiInvoiceController,server/src/lib/api/controllers/ApiInvoiceController,server/src/lib/api/controllers/ApiInvoiceController.ts
CE,/api/v1/invoices/{id},DELETE GET PUT,server/src/app/api/v1/invoices/[id]/route.ts,ApiInvoiceController,server/src/lib/api/controllers/ApiInvoiceController,server/src/lib/api/controllers/ApiInvoiceController.ts
CE,/api/v1/invoices/{id}/approve,POST,server/src/app/api/v1/invoices/[id]/approve/route.ts,ApiInvoiceController,server/src/lib/api/controllers/ApiInvoiceController,server/src/lib/api/controllers/ApiInvoiceController.ts
CE,/api/v1/invoices/{id}/credit,POST,server/src/app/api/v1/invoices/[id]/credit/route.ts,ApiInvoiceController,server/src/lib/api/controllers/ApiInvoiceController,server/src/lib/api/controllers/ApiInvoiceController.ts
CE,/api/v1/invoices/{id}/duplicate,POST,server/src/app/api/v1/invoices/[id]/duplicate/route.ts,ApiInvoiceController,server/src/lib/api/controllers/ApiInvoiceController,server/src/lib/api/controllers/ApiInvoiceController.ts
CE,/api/v1/invoices/{id}/finalize,POST,server/src/app/api/v1/invoices/[id]/finalize/route.ts,ApiInvoiceController,server/src/lib/api/controllers/ApiInvoiceController,server/src/lib/api/controllers/ApiInvoiceController.ts
CE,/api/v1/invoices/{id}/items,GET,server/src/app/api/v1/invoices/[id]/items/route.ts,ApiInvoiceController,server/src/lib/api/controllers/ApiInvoiceController,server/src/lib/api/controllers/ApiInvoiceController.ts
CE,/api/v1/invoices/{id}/payment,POST,server/src/app/api/v1/invoices/[id]/payment/route.ts,ApiInvoiceController,server/src/lib/api/controllers/ApiInvoiceController,server/src/lib/api/controllers/ApiInvoiceController.ts
CE,/api/v1/invoices/{id}/pdf,GET POST,server/src/app/api/v1/invoices/[id]/pdf/route.ts,ApiInvoiceController,server/src/lib/api/controllers/ApiInvoiceController,server/src/lib/api/controllers/ApiInvoiceController.ts
CE,/api/v1/invoices/{id}/reject,POST,server/src/app/api/v1/invoices/[id]/reject/route.ts,ApiInvoiceController,server/src/lib/api/controllers/ApiInvoiceController,server/src/lib/api/controllers/ApiInvoiceController.ts
CE,/api/v1/invoices/{id}/send,POST,server/src/app/api/v1/invoices/[id]/send/route.ts,ApiInvoiceController,server/src/lib/api/controllers/ApiInvoiceController,server/src/lib/api/controllers/ApiInvoiceController.ts
CE,/api/v1/invoices/{id}/tax,POST,server/src/app/api/v1/invoices/[id]/tax/route.ts,ApiInvoiceController,server/src/lib/api/controllers/ApiInvoiceController,server/src/lib/api/controllers/ApiInvoiceController.ts
CE,/api/v1/invoices/{id}/transactions,GET,server/src/app/api/v1/invoices/[id]/transactions/route.ts,ApiInvoiceController,server/src/lib/api/controllers/ApiInvoiceController,server/src/lib/api/controllers/ApiInvoiceController.ts
CE,/api/v1/meta/docs,GET,server/src/app/api/v1/meta/docs/route.ts,ApiMetadataController,@/lib/api/controllers/ApiMetadataController,server/src/lib/api/controllers/ApiMetadataController.ts
CE,/api/v1/meta/endpoints,GET,server/src/app/api/v1/meta/endpoints/route.ts,ApiMetadataController,@/lib/api/controllers/ApiMetadataController,server/src/lib/api/controllers/ApiMetadataController.ts
CE,/api/v1/meta/health,GET,server/src/app/api/v1/meta/health/route.ts,ApiMetadataController,@/lib/api/controllers/ApiMetadataController,server/src/lib/api/controllers/ApiMetadataController.ts
CE,/api/v1/meta/openapi,GET,server/src/app/api/v1/meta/openapi/route.ts,ApiMetadataController,@/lib/api/controllers/ApiMetadataController,server/src/lib/api/controllers/ApiMetadataController.ts
CE,/api/v1/meta/permissions,GET,server/src/app/api/v1/meta/permissions/route.ts,ApiMetadataController,@/lib/api/controllers/ApiMetadataController,server/src/lib/api/controllers/ApiMetadataController.ts
CE,/api/v1/meta/schemas,GET,server/src/app/api/v1/meta/schemas/route.ts,ApiMetadataController,@/lib/api/controllers/ApiMetadataController,server/src/lib/api/controllers/ApiMetadataController.ts
CE,/api/v1/meta/sdk,GET,server/src/app/api/v1/meta/sdk/route.ts,ApiMetadataController,@/lib/api/controllers/ApiMetadataController,server/src/lib/api/controllers/ApiMetadataController.ts
CE,/api/v1/meta/stats,GET,server/src/app/api/v1/meta/stats/route.ts,ApiMetadataController,@/lib/api/controllers/ApiMetadataController,server/src/lib/api/controllers/ApiMetadataController.ts
CE,/api/v1/permission-checks,POST,server/src/app/api/v1/permission-checks/route.ts,ApiPermissionController,@/lib/api/controllers/ApiPermissionController,server/src/lib/api/controllers/ApiPermissionController.ts
CE,/api/v1/permissions,GET POST,server/src/app/api/v1/permissions/route.ts,ApiPermissionController,@/lib/api/controllers/ApiPermissionController,server/src/lib/api/controllers/ApiPermissionController.ts
CE,/api/v1/permissions/categories,GET,server/src/app/api/v1/permissions/categories/route.ts,ApiPermissionController,@/lib/api/controllers/ApiPermissionController,server/src/lib/api/controllers/ApiPermissionController.ts
CE,/api/v1/permissions/{id},DELETE GET PUT,server/src/app/api/v1/permissions/[id]/route.ts,ApiPermissionController,@/lib/api/controllers/ApiPermissionController,server/src/lib/api/controllers/ApiPermissionController.ts
CE,/api/v1/permissions/{id}/roles,GET,server/src/app/api/v1/permissions/[id]/roles/route.ts,ApiPermissionController,@/lib/api/controllers/ApiPermissionController,server/src/lib/api/controllers/ApiPermissionController.ts
CE,/api/v1/contracts,GET POST,server/src/app/api/v1/contracts/route.ts,ApiContractLineController,@/lib/api/controllers/ApiContractController,server/src/lib/api/controllers/ApiContractLineController.ts
CE,/api/v1/contracts/{contractId}/contract-lines,POST,server/src/app/api/v1/contracts/[contractId]/contract-lines/route.ts,ApiContractLineController,@/lib/api/controllers/ApiContractLineController,server/src/lib/api/controllers/ApiContractLineController.ts
CE,/api/v1/contracts/{contractId}/contract-lines/{contractLineId},DELETE,server/src/app/api/v1/contracts/[contractId]/contract-lines/[contractLineId]/route.ts,ApiContractLineController,@/lib/api/controllers/ApiContractLineController,server/src/lib/api/controllers/ApiContractLineController.ts
CE,/api/v1/contract-line-templates,POST,server/src/app/api/v1/contract-line-templates/route.ts,ApiContractLineController,@/lib/api/controllers/ApiContractLineController,server/src/lib/api/controllers/ApiContractLineController.ts
CE,/api/v1/contract-line-templates/{id}/create-contract-line,POST,server/src/app/api/v1/contract-line-templates/[id]/create-contract-line/route.ts,ApiContractLineController,@/lib/api/controllers/ApiContractLineController,server/src/lib/api/controllers/ApiContractLineController.ts
CE,/api/v1/projects,GET POST,server/src/app/api/v1/projects/route.ts,ApiProjectController,@/lib/api/controllers/ApiProjectController,server/src/lib/api/controllers/ApiProjectController.ts
CE,/api/v1/projects/bulk-assign,PUT,server/src/app/api/v1/projects/bulk-assign/route.ts,ApiProjectController,@/lib/api/controllers/ApiProjectController,server/src/lib/api/controllers/ApiProjectController.ts
CE,/api/v1/projects/bulk-status,PUT,server/src/app/api/v1/projects/bulk-status/route.ts,ApiProjectController,@/lib/api/controllers/ApiProjectController,server/src/lib/api/controllers/ApiProjectController.ts
CE,/api/v1/projects/bulk-update,PUT,server/src/app/api/v1/projects/bulk-update/route.ts,ApiProjectController,@/lib/api/controllers/ApiProjectController,server/src/lib/api/controllers/ApiProjectController.ts
CE,/api/v1/projects/export,GET,server/src/app/api/v1/projects/export/route.ts,ApiProjectController,@/lib/api/controllers/ApiProjectController,server/src/lib/api/controllers/ApiProjectController.ts
CE,/api/v1/projects/search,GET,server/src/app/api/v1/projects/search/route.ts,ApiProjectController,@/lib/api/controllers/ApiProjectController,server/src/lib/api/controllers/ApiProjectController.ts
CE,/api/v1/projects/stats,GET,server/src/app/api/v1/projects/stats/route.ts,ApiProjectController,@/lib/api/controllers/ApiProjectController,server/src/lib/api/controllers/ApiProjectController.ts
CE,/api/v1/projects/tasks/{taskId},DELETE GET PUT,server/src/app/api/v1/projects/tasks/[taskId]/route.ts,ApiProjectController,@/lib/api/controllers/ApiProjectController,server/src/lib/api/controllers/ApiProjectController.ts
CE,/api/v1/projects/tasks/{taskId}/checklist,GET POST,server/src/app/api/v1/projects/tasks/[taskId]/checklist/route.ts,ApiProjectController,@/lib/api/controllers/ApiProjectController,server/src/lib/api/controllers/ApiProjectController.ts
CE,/api/v1/projects/{id},DELETE GET PUT,server/src/app/api/v1/projects/[id]/route.ts,ApiProjectController,@/lib/api/controllers/ApiProjectController,server/src/lib/api/controllers/ApiProjectController.ts
CE,/api/v1/projects/{id}/phases,GET POST,server/src/app/api/v1/projects/[id]/phases/route.ts,ApiProjectController,@/lib/api/controllers/ApiProjectController,server/src/lib/api/controllers/ApiProjectController.ts
CE,/api/v1/projects/{id}/phases/{phaseId},DELETE PUT,server/src/app/api/v1/projects/[id]/phases/[phaseId]/route.ts,ApiProjectController,@/lib/api/controllers/ApiProjectController,server/src/lib/api/controllers/ApiProjectController.ts
CE,/api/v1/projects/{id}/phases/{phaseId}/tasks,GET,server/src/app/api/v1/projects/[id]/phases/[phaseId]/tasks/route.ts,ApiProjectController,@/lib/api/controllers/ApiProjectController,server/src/lib/api/controllers/ApiProjectController.ts
CE,/api/v1/projects/{id}/tasks,GET,server/src/app/api/v1/projects/[id]/tasks/route.ts,ApiProjectController,@/lib/api/controllers/ApiProjectController,server/src/lib/api/controllers/ApiProjectController.ts
CE,/api/v1/projects/{id}/tickets,GET,server/src/app/api/v1/projects/[id]/tickets/route.ts,ApiProjectController,@/lib/api/controllers/ApiProjectController,server/src/lib/api/controllers/ApiProjectController.ts
CE,/api/v1/quickbooks/accounts,GET,server/src/app/api/v1/quickbooks/accounts/route.ts,ApiQuickBooksController,@/lib/api/controllers/ApiQuickBooksController,server/src/lib/api/controllers/ApiQuickBooksController.ts
CE,/api/v1/quickbooks/accounts/mappings,GET PUT,server/src/app/api/v1/quickbooks/accounts/mappings/route.ts,ApiQuickBooksController,@/lib/api/controllers/ApiQuickBooksController,server/src/lib/api/controllers/ApiQuickBooksController.ts
CE,/api/v1/quickbooks/connection/refresh,POST,server/src/app/api/v1/quickbooks/connection/refresh/route.ts,ApiQuickBooksController,@/lib/api/controllers/ApiQuickBooksController,server/src/lib/api/controllers/ApiQuickBooksController.ts
CE,/api/v1/quickbooks/connection/status,GET,server/src/app/api/v1/quickbooks/connection/status/route.ts,ApiQuickBooksController,@/lib/api/controllers/ApiQuickBooksController,server/src/lib/api/controllers/ApiQuickBooksController.ts
CE,/api/v1/quickbooks/connection/test,POST,server/src/app/api/v1/quickbooks/connection/test/route.ts,ApiQuickBooksController,@/lib/api/controllers/ApiQuickBooksController,server/src/lib/api/controllers/ApiQuickBooksController.ts
CE,/api/v1/quickbooks/customers/mappings,GET,server/src/app/api/v1/quickbooks/customers/mappings/route.ts,ApiQuickBooksController,@/lib/api/controllers/ApiQuickBooksController,server/src/lib/api/controllers/ApiQuickBooksController.ts
CE,/api/v1/quickbooks/customers/mappings/{mapping_id},DELETE,server/src/app/api/v1/quickbooks/customers/mappings/[mapping_id]/route.ts,ApiQuickBooksController,@/lib/api/controllers/ApiQuickBooksController,server/src/lib/api/controllers/ApiQuickBooksController.ts
CE,/api/v1/quickbooks/customers/sync,POST,server/src/app/api/v1/quickbooks/customers/sync/route.ts,ApiQuickBooksController,@/lib/api/controllers/ApiQuickBooksController,server/src/lib/api/controllers/ApiQuickBooksController.ts
CE,/api/v1/quickbooks/diagnostics,POST,server/src/app/api/v1/quickbooks/diagnostics/route.ts,ApiQuickBooksController,@/lib/api/controllers/ApiQuickBooksController,server/src/lib/api/controllers/ApiQuickBooksController.ts
CE,/api/v1/quickbooks/health,GET,server/src/app/api/v1/quickbooks/health/route.ts,ApiQuickBooksController,@/lib/api/controllers/ApiQuickBooksController,server/src/lib/api/controllers/ApiQuickBooksController.ts
CE,/api/v1/quickbooks/health/config,GET PUT,server/src/app/api/v1/quickbooks/health/config/route.ts,ApiQuickBooksController,@/lib/api/controllers/ApiQuickBooksController,server/src/lib/api/controllers/ApiQuickBooksController.ts
CE,/api/v1/quickbooks/invoices/export,POST,server/src/app/api/v1/quickbooks/invoices/export/route.ts,ApiQuickBooksController,@/lib/api/controllers/ApiQuickBooksController,server/src/lib/api/controllers/ApiQuickBooksController.ts
CE,/api/v1/quickbooks/invoices/import,POST,server/src/app/api/v1/quickbooks/invoices/import/route.ts,ApiQuickBooksController,@/lib/api/controllers/ApiQuickBooksController,server/src/lib/api/controllers/ApiQuickBooksController.ts
CE,/api/v1/quickbooks/items,GET,server/src/app/api/v1/quickbooks/items/route.ts,ApiQuickBooksController,@/lib/api/controllers/ApiQuickBooksController,server/src/lib/api/controllers/ApiQuickBooksController.ts
CE,/api/v1/quickbooks/mappings,GET POST,server/src/app/api/v1/quickbooks/mappings/route.ts,ApiQuickBooksController,@/lib/api/controllers/ApiQuickBooksController,server/src/lib/api/controllers/ApiQuickBooksController.ts
CE,/api/v1/quickbooks/mappings/{mapping_id},DELETE GET PUT,server/src/app/api/v1/quickbooks/mappings/[mapping_id]/route.ts,ApiQuickBooksController,@/lib/api/controllers/ApiQuickBooksController,server/src/lib/api/controllers/ApiQuickBooksController.ts
CE,/api/v1/quickbooks/oauth/callback,POST,server/src/app/api/v1/quickbooks/oauth/callback/route.ts,ApiQuickBooksController,@/lib/api/controllers/ApiQuickBooksController,server/src/lib/api/controllers/ApiQuickBooksController.ts
CE,/api/v1/quickbooks/oauth/disconnect,DELETE,server/src/app/api/v1/quickbooks/oauth/disconnect/route.ts,ApiQuickBooksController,@/lib/api/controllers/ApiQuickBooksController,server/src/lib/api/controllers/ApiQuickBooksController.ts
CE,/api/v1/quickbooks/oauth/initiate,POST,server/src/app/api/v1/quickbooks/oauth/initiate/route.ts,ApiQuickBooksController,@/lib/api/controllers/ApiQuickBooksController,server/src/lib/api/controllers/ApiQuickBooksController.ts
CE,/api/v1/quickbooks/payment-methods,GET,server/src/app/api/v1/quickbooks/payment-methods/route.ts,ApiQuickBooksController,@/lib/api/controllers/ApiQuickBooksController,server/src/lib/api/controllers/ApiQuickBooksController.ts
CE,/api/v1/quickbooks/payments/sync,POST,server/src/app/api/v1/quickbooks/payments/sync/route.ts,ApiQuickBooksController,@/lib/api/controllers/ApiQuickBooksController,server/src/lib/api/controllers/ApiQuickBooksController.ts
CE,/api/v1/quickbooks/sync/bulk,POST,server/src/app/api/v1/quickbooks/sync/bulk/route.ts,ApiQuickBooksController,@/lib/api/controllers/ApiQuickBooksController,server/src/lib/api/controllers/ApiQuickBooksController.ts
CE,/api/v1/quickbooks/sync/full,POST,server/src/app/api/v1/quickbooks/sync/full/route.ts,ApiQuickBooksController,@/lib/api/controllers/ApiQuickBooksController,server/src/lib/api/controllers/ApiQuickBooksController.ts
CE,/api/v1/quickbooks/sync/history,GET,server/src/app/api/v1/quickbooks/sync/history/route.ts,ApiQuickBooksController,@/lib/api/controllers/ApiQuickBooksController,server/src/lib/api/controllers/ApiQuickBooksController.ts
CE,/api/v1/quickbooks/sync/status,GET,server/src/app/api/v1/quickbooks/sync/status/route.ts,ApiQuickBooksController,@/lib/api/controllers/ApiQuickBooksController,server/src/lib/api/controllers/ApiQuickBooksController.ts
CE,/api/v1/quickbooks/sync/status/{sync_id},GET,server/src/app/api/v1/quickbooks/sync/status/[sync_id]/route.ts,ApiQuickBooksController,@/lib/api/controllers/ApiQuickBooksController,server/src/lib/api/controllers/ApiQuickBooksController.ts
CE,/api/v1/quickbooks/sync/{sync_id}/cancel,POST,server/src/app/api/v1/quickbooks/sync/[sync_id]/cancel/route.ts,ApiQuickBooksController,@/lib/api/controllers/ApiQuickBooksController,server/src/lib/api/controllers/ApiQuickBooksController.ts
CE,/api/v1/quickbooks/sync/{sync_id}/retry,POST,server/src/app/api/v1/quickbooks/sync/[sync_id]/retry/route.ts,ApiQuickBooksController,@/lib/api/controllers/ApiQuickBooksController,server/src/lib/api/controllers/ApiQuickBooksController.ts
CE,/api/v1/quickbooks/tax-codes,GET,server/src/app/api/v1/quickbooks/tax-codes/route.ts,ApiQuickBooksController,@/lib/api/controllers/ApiQuickBooksController,server/src/lib/api/controllers/ApiQuickBooksController.ts
CE,/api/v1/quickbooks/tax-codes/mappings,GET PUT,server/src/app/api/v1/quickbooks/tax-codes/mappings/route.ts,ApiQuickBooksController,@/lib/api/controllers/ApiQuickBooksController,server/src/lib/api/controllers/ApiQuickBooksController.ts
CE,/api/v1/quickbooks/terms,GET,server/src/app/api/v1/quickbooks/terms/route.ts,ApiQuickBooksController,@/lib/api/controllers/ApiQuickBooksController,server/src/lib/api/controllers/ApiQuickBooksController.ts
CE,/api/v1/rbac/analytics,GET,server/src/app/api/v1/rbac/analytics/route.ts,ApiRoleController,@/lib/api/controllers/ApiRoleController,server/src/lib/api/controllers/ApiRoleController.ts
CE,/api/v1/rbac/audit,GET,server/src/app/api/v1/rbac/audit/route.ts,,,
CE,/api/v1/roles,GET POST,server/src/app/api/v1/roles/route.ts,ApiRoleController,@/lib/api/controllers/ApiRoleController,server/src/lib/api/controllers/ApiRoleController.ts
CE,/api/v1/roles/bulk,POST,server/src/app/api/v1/roles/bulk/route.ts,ApiRoleController,@/lib/api/controllers/ApiRoleController,server/src/lib/api/controllers/ApiRoleController.ts
CE,/api/v1/roles/templates,GET,server/src/app/api/v1/roles/templates/route.ts,ApiRoleController,@/lib/api/controllers/ApiRoleController,server/src/lib/api/controllers/ApiRoleController.ts
CE,/api/v1/roles/{id},DELETE GET PUT,server/src/app/api/v1/roles/[id]/route.ts,ApiRoleController,@/lib/api/controllers/ApiRoleController,server/src/lib/api/controllers/ApiRoleController.ts
CE,/api/v1/roles/{id}/clone,POST,server/src/app/api/v1/roles/[id]/clone/route.ts,ApiRoleController,@/lib/api/controllers/ApiRoleController,server/src/lib/api/controllers/ApiRoleController.ts
CE,/api/v1/roles/{id}/permissions,GET PUT,server/src/app/api/v1/roles/[id]/permissions/route.ts,ApiRoleController,@/lib/api/controllers/ApiRoleController,server/src/lib/api/controllers/ApiRoleController.ts
CE,/api/v1/schedules,GET POST,server/src/app/api/v1/schedules/route.ts,ApiTimeSheetController,server/src/lib/api/controllers/ApiTimeSheetController,server/src/lib/api/controllers/ApiTimeSheetController.ts
CE,/api/v1/schedules/search,GET,server/src/app/api/v1/schedules/search/route.ts,ApiTimeSheetController,server/src/lib/api/controllers/ApiTimeSheetController,server/src/lib/api/controllers/ApiTimeSheetController.ts
CE,/api/v1/schedules/{id},DELETE GET PUT,server/src/app/api/v1/schedules/[id]/route.ts,ApiTimeSheetController,server/src/lib/api/controllers/ApiTimeSheetController,server/src/lib/api/controllers/ApiTimeSheetController.ts
CE,/api/v1/schedules/{id}/conflicts,GET,server/src/app/api/v1/schedules/[id]/conflicts/route.ts,ApiTimeSheetController,server/src/lib/api/controllers/ApiTimeSheetController,server/src/lib/api/controllers/ApiTimeSheetController.ts
CE,/api/v1/tags,GET POST,server/src/app/api/v1/tags/route.ts,ApiTagController,@/lib/api/controllers/ApiTagController,server/src/lib/api/controllers/ApiTagController.ts
CE,/api/v1/tags/analytics,GET,server/src/app/api/v1/tags/analytics/route.ts,ApiTagController,@/lib/api/controllers/ApiTagController,server/src/lib/api/controllers/ApiTagController.ts
CE,/api/v1/tags/bulk,DELETE POST,server/src/app/api/v1/tags/bulk/route.ts,ApiTagController,@/lib/api/controllers/ApiTagController,server/src/lib/api/controllers/ApiTagController.ts
CE,/api/v1/tags/bulk/merge,POST,server/src/app/api/v1/tags/bulk/merge/route.ts,ApiTagController,@/lib/api/controllers/ApiTagController,server/src/lib/api/controllers/ApiTagController.ts
CE,/api/v1/tags/bulk/tag,POST,server/src/app/api/v1/tags/bulk/tag/route.ts,ApiTagController,@/lib/api/controllers/ApiTagController,server/src/lib/api/controllers/ApiTagController.ts
CE,/api/v1/tags/bulk/untag,DELETE,server/src/app/api/v1/tags/bulk/untag/route.ts,ApiTagController,@/lib/api/controllers/ApiTagController,server/src/lib/api/controllers/ApiTagController.ts
CE,/api/v1/tags/by-text,DELETE,server/src/app/api/v1/tags/by-text/route.ts,ApiTagController,@/lib/api/controllers/ApiTagController,server/src/lib/api/controllers/ApiTagController.ts
CE,/api/v1/tags/cloud,GET,server/src/app/api/v1/tags/cloud/route.ts,ApiTagController,@/lib/api/controllers/ApiTagController,server/src/lib/api/controllers/ApiTagController.ts
CE,/api/v1/tags/entity/{entityType}/{entityId},DELETE GET POST,server/src/app/api/v1/tags/entity/[entityType]/[entityId]/route.ts,ApiTagController,@/lib/api/controllers/ApiTagController,server/src/lib/api/controllers/ApiTagController.ts
CE,/api/v1/tags/search,GET,server/src/app/api/v1/tags/search/route.ts,ApiTagController,@/lib/api/controllers/ApiTagController,server/src/lib/api/controllers/ApiTagController.ts
CE,/api/v1/tags/{id},DELETE GET PUT,server/src/app/api/v1/tags/[id]/route.ts,ApiTagController,@/lib/api/controllers/ApiTagController,server/src/lib/api/controllers/ApiTagController.ts
CE,/api/v1/tags/{id}/colors,PUT,server/src/app/api/v1/tags/[id]/colors/route.ts,ApiTagController,@/lib/api/controllers/ApiTagController,server/src/lib/api/controllers/ApiTagController.ts
CE,/api/v1/tags/{id}/text,PUT,server/src/app/api/v1/tags/[id]/text/route.ts,ApiTagController,@/lib/api/controllers/ApiTagController,server/src/lib/api/controllers/ApiTagController.ts
CE,/api/v1/teams,GET POST,server/src/app/api/v1/teams/route.ts,ApiTeamController,@/lib/api/controllers/ApiTeamController,server/src/lib/api/controllers/ApiTeamController.ts
CE,/api/v1/teams/bulk,DELETE PUT,server/src/app/api/v1/teams/bulk/route.ts,ApiTeamController,@/lib/api/controllers/ApiTeamController,server/src/lib/api/controllers/ApiTeamController.ts
CE,/api/v1/teams/hierarchy,GET,server/src/app/api/v1/teams/hierarchy/route.ts,ApiTeamController,@/lib/api/controllers/ApiTeamController,server/src/lib/api/controllers/ApiTeamController.ts
CE,/api/v1/teams/search,GET,server/src/app/api/v1/teams/search/route.ts,ApiTeamController,@/lib/api/controllers/ApiTeamController,server/src/lib/api/controllers/ApiTeamController.ts
CE,/api/v1/teams/stats,GET,server/src/app/api/v1/teams/stats/route.ts,ApiTeamController,@/lib/api/controllers/ApiTeamController,server/src/lib/api/controllers/ApiTeamController.ts
CE,/api/v1/teams/{id},DELETE GET PUT,server/src/app/api/v1/teams/[id]/route.ts,ApiTeamController,@/lib/api/controllers/ApiTeamController,server/src/lib/api/controllers/ApiTeamController.ts
CE,/api/v1/teams/{id}/analytics,GET,server/src/app/api/v1/teams/[id]/analytics/route.ts,ApiTeamController,@/lib/api/controllers/ApiTeamController,server/src/lib/api/controllers/ApiTeamController.ts
CE,/api/v1/teams/{id}/hierarchy,DELETE POST,server/src/app/api/v1/teams/[id]/hierarchy/route.ts,ApiTeamController,@/lib/api/controllers/ApiTeamController,server/src/lib/api/controllers/ApiTeamController.ts
CE,/api/v1/teams/{id}/manager,PUT,server/src/app/api/v1/teams/[id]/manager/route.ts,ApiTeamController,@/lib/api/controllers/ApiTeamController,server/src/lib/api/controllers/ApiTeamController.ts
CE,/api/v1/teams/{id}/members,GET POST,server/src/app/api/v1/teams/[id]/members/route.ts,ApiTeamController,@/lib/api/controllers/ApiTeamController,server/src/lib/api/controllers/ApiTeamController.ts
CE,/api/v1/teams/{id}/members/bulk,POST,server/src/app/api/v1/teams/[id]/members/bulk/route.ts,ApiTeamController,@/lib/api/controllers/ApiTeamController,server/src/lib/api/controllers/ApiTeamController.ts
CE,/api/v1/teams/{id}/members/{userId},DELETE,server/src/app/api/v1/teams/[id]/members/[userId]/route.ts,ApiTeamController,@/lib/api/controllers/ApiTeamController,server/src/lib/api/controllers/ApiTeamController.ts
CE,/api/v1/teams/{id}/permissions,GET POST,server/src/app/api/v1/teams/[id]/permissions/route.ts,ApiTeamController,@/lib/api/controllers/ApiTeamController,server/src/lib/api/controllers/ApiTeamController.ts
CE,/api/v1/teams/{id}/permissions/{permissionId},DELETE,server/src/app/api/v1/teams/[id]/permissions/[permissionId]/route.ts,ApiTeamController,@/lib/api/controllers/ApiTeamController,server/src/lib/api/controllers/ApiTeamController.ts
CE,/api/v1/teams/{id}/projects,GET,server/src/app/api/v1/teams/[id]/projects/route.ts,ApiTeamController,@/lib/api/controllers/ApiTeamController,server/src/lib/api/controllers/ApiTeamController.ts
CE,/api/v1/test-auth,GET,server/src/app/api/v1/test-auth/route.ts,,,
CE,/api/v1/tickets,GET POST,server/src/app/api/v1/tickets/route.ts,ApiTicketController,@/lib/api/controllers/ApiTicketController,server/src/lib/api/controllers/ApiTicketController.ts
CE,/api/v1/tickets/from-asset,POST,server/src/app/api/v1/tickets/from-asset/route.ts,ApiTicketController,server/src/lib/api/controllers/ApiTicketController,server/src/lib/api/controllers/ApiTicketController.ts
CE,/api/v1/tickets/search,GET,server/src/app/api/v1/tickets/search/route.ts,ApiTicketController,server/src/lib/api/controllers/ApiTicketController,server/src/lib/api/controllers/ApiTicketController.ts
CE,/api/v1/tickets/stats,GET,server/src/app/api/v1/tickets/stats/route.ts,ApiTicketController,server/src/lib/api/controllers/ApiTicketController,server/src/lib/api/controllers/ApiTicketController.ts
CE,/api/v1/tickets/{id},DELETE GET PUT,server/src/app/api/v1/tickets/[id]/route.ts,ApiTicketController,server/src/lib/api/controllers/ApiTicketController,server/src/lib/api/controllers/ApiTicketController.ts
CE,/api/v1/tickets/{id}/assignment,PUT,server/src/app/api/v1/tickets/[id]/assignment/route.ts,ApiTicketController,server/src/lib/api/controllers/ApiTicketController,server/src/lib/api/controllers/ApiTicketController.ts
CE,/api/v1/tickets/{id}/comments,GET POST,server/src/app/api/v1/tickets/[id]/comments/route.ts,ApiTicketController,server/src/lib/api/controllers/ApiTicketController,server/src/lib/api/controllers/ApiTicketController.ts
CE,/api/v1/tickets/{id}/status,PUT,server/src/app/api/v1/tickets/[id]/status/route.ts,ApiTicketController,server/src/lib/api/controllers/ApiTicketController,server/src/lib/api/controllers/ApiTicketController.ts
CE,/api/v1/time-entries,GET POST,server/src/app/api/v1/time-entries/route.ts,ApiTimeEntryController,@/lib/api/controllers/ApiTimeEntryController,server/src/lib/api/controllers/ApiTimeEntryController.ts
CE,/api/v1/time-entries/active-session,GET,server/src/app/api/v1/time-entries/active-session/route.ts,ApiTimeEntryController,@/lib/api/controllers/ApiTimeEntryController,server/src/lib/api/controllers/ApiTimeEntryController.ts
CE,/api/v1/time-entries/approve,POST,server/src/app/api/v1/time-entries/approve/route.ts,ApiTimeEntryController,@/lib/api/controllers/ApiTimeEntryController,server/src/lib/api/controllers/ApiTimeEntryController.ts
CE,/api/v1/time-entries/bulk,DELETE POST PUT,server/src/app/api/v1/time-entries/bulk/route.ts,ApiTimeEntryController,@/lib/api/controllers/ApiTimeEntryController,server/src/lib/api/controllers/ApiTimeEntryController.ts
CE,/api/v1/time-entries/export,GET,server/src/app/api/v1/time-entries/export/route.ts,ApiTimeEntryController,@/lib/api/controllers/ApiTimeEntryController,server/src/lib/api/controllers/ApiTimeEntryController.ts
CE,/api/v1/time-entries/request-changes,POST,server/src/app/api/v1/time-entries/request-changes/route.ts,ApiTimeEntryController,@/lib/api/controllers/ApiTimeEntryController,server/src/lib/api/controllers/ApiTimeEntryController.ts
CE,/api/v1/time-entries/search,GET,server/src/app/api/v1/time-entries/search/route.ts,ApiTimeEntryController,@/lib/api/controllers/ApiTimeEntryController,server/src/lib/api/controllers/ApiTimeEntryController.ts
CE,/api/v1/time-entries/start-tracking,POST,server/src/app/api/v1/time-entries/start-tracking/route.ts,ApiTimeEntryController,@/lib/api/controllers/ApiTimeEntryController,server/src/lib/api/controllers/ApiTimeEntryController.ts
CE,/api/v1/time-entries/stats,GET,server/src/app/api/v1/time-entries/stats/route.ts,ApiTimeEntryController,@/lib/api/controllers/ApiTimeEntryController,server/src/lib/api/controllers/ApiTimeEntryController.ts
CE,/api/v1/time-entries/stop-tracking/{sessionId},POST,server/src/app/api/v1/time-entries/stop-tracking/[sessionId]/route.ts,ApiTimeEntryController,@/lib/api/controllers/ApiTimeEntryController,server/src/lib/api/controllers/ApiTimeEntryController.ts
CE,/api/v1/time-entries/templates,GET,server/src/app/api/v1/time-entries/templates/route.ts,ApiTimeEntryController,@/lib/api/controllers/ApiTimeEntryController,server/src/lib/api/controllers/ApiTimeEntryController.ts
CE,/api/v1/time-entries/{id},DELETE GET PUT,server/src/app/api/v1/time-entries/[id]/route.ts,ApiTimeEntryController,@/lib/api/controllers/ApiTimeEntryController,server/src/lib/api/controllers/ApiTimeEntryController.ts
CE,/api/v1/time-periods,GET POST,server/src/app/api/v1/time-periods/route.ts,ApiTimeSheetController,server/src/lib/api/controllers/ApiTimeSheetController,server/src/lib/api/controllers/ApiTimeSheetController.ts
CE,/api/v1/time-periods/current,GET,server/src/app/api/v1/time-periods/current/route.ts,ApiTimeSheetController,server/src/lib/api/controllers/ApiTimeSheetController,server/src/lib/api/controllers/ApiTimeSheetController.ts
CE,/api/v1/time-periods/{id},DELETE GET PUT,server/src/app/api/v1/time-periods/[id]/route.ts,ApiTimeSheetController,server/src/lib/api/controllers/ApiTimeSheetController,server/src/lib/api/controllers/ApiTimeSheetController.ts
CE,/api/v1/time-periods/{id}/close,POST,server/src/app/api/v1/time-periods/[id]/close/route.ts,ApiTimeSheetController,server/src/lib/api/controllers/ApiTimeSheetController,server/src/lib/api/controllers/ApiTimeSheetController.ts
CE,/api/v1/time-periods/{id}/reopen,POST,server/src/app/api/v1/time-periods/[id]/reopen/route.ts,ApiTimeSheetController,server/src/lib/api/controllers/ApiTimeSheetController,server/src/lib/api/controllers/ApiTimeSheetController.ts
CE,/api/v1/time-sheets,GET POST,server/src/app/api/v1/time-sheets/route.ts,ApiTimeSheetController,server/src/lib/api/controllers/ApiTimeSheetController,server/src/lib/api/controllers/ApiTimeSheetController.ts
CE,/api/v1/time-sheets/bulk,POST,server/src/app/api/v1/time-sheets/bulk/route.ts,ApiTimeSheetController,server/src/lib/api/controllers/ApiTimeSheetController,server/src/lib/api/controllers/ApiTimeSheetController.ts
CE,/api/v1/time-sheets/export,GET,server/src/app/api/v1/time-sheets/export/route.ts,ApiTimeSheetController,server/src/lib/api/controllers/ApiTimeSheetController,server/src/lib/api/controllers/ApiTimeSheetController.ts
CE,/api/v1/time-sheets/search,GET,server/src/app/api/v1/time-sheets/search/route.ts,ApiTimeSheetController,server/src/lib/api/controllers/ApiTimeSheetController,server/src/lib/api/controllers/ApiTimeSheetController.ts
CE,/api/v1/time-sheets/{id},DELETE GET PUT,server/src/app/api/v1/time-sheets/[id]/route.ts,ApiTimeSheetController,server/src/lib/api/controllers/ApiTimeSheetController,server/src/lib/api/controllers/ApiTimeSheetController.ts
CE,/api/v1/time-sheets/{id}/add-entry,POST,server/src/app/api/v1/time-sheets/[id]/add-entry/route.ts,ApiTimeSheetController,server/src/lib/api/controllers/ApiTimeSheetController,server/src/lib/api/controllers/ApiTimeSheetController.ts
CE,/api/v1/time-sheets/{id}/approve,POST,server/src/app/api/v1/time-sheets/[id]/approve/route.ts,ApiTimeSheetController,server/src/lib/api/controllers/ApiTimeSheetController,server/src/lib/api/controllers/ApiTimeSheetController.ts
CE,/api/v1/time-sheets/{id}/entries,GET,server/src/app/api/v1/time-sheets/[id]/entries/route.ts,ApiTimeSheetController,server/src/lib/api/controllers/ApiTimeSheetController,server/src/lib/api/controllers/ApiTimeSheetController.ts
CE,/api/v1/time-sheets/{id}/reject,POST,server/src/app/api/v1/time-sheets/[id]/reject/route.ts,ApiTimeSheetController,server/src/lib/api/controllers/ApiTimeSheetController,server/src/lib/api/controllers/ApiTimeSheetController.ts
CE,/api/v1/time-sheets/{id}/remove-entry,DELETE,server/src/app/api/v1/time-sheets/[id]/remove-entry/route.ts,ApiTimeSheetController,server/src/lib/api/controllers/ApiTimeSheetController,server/src/lib/api/controllers/ApiTimeSheetController.ts
CE,/api/v1/time-sheets/{id}/request-changes,POST,server/src/app/api/v1/time-sheets/[id]/request-changes/route.ts,ApiTimeSheetController,server/src/lib/api/controllers/ApiTimeSheetController,server/src/lib/api/controllers/ApiTimeSheetController.ts
CE,/api/v1/time-sheets/{id}/reverse-approval,POST,server/src/app/api/v1/time-sheets/[id]/reverse-approval/route.ts,ApiTimeSheetController,server/src/lib/api/controllers/ApiTimeSheetController,server/src/lib/api/controllers/ApiTimeSheetController.ts
CE,/api/v1/time-sheets/{id}/submit,POST,server/src/app/api/v1/time-sheets/[id]/submit/route.ts,ApiTimeSheetController,server/src/lib/api/controllers/ApiTimeSheetController,server/src/lib/api/controllers/ApiTimeSheetController.ts
CE,/api/v1/time-sheets/{id}/summary,GET,server/src/app/api/v1/time-sheets/[id]/summary/route.ts,ApiTimeSheetController,server/src/lib/api/controllers/ApiTimeSheetController,server/src/lib/api/controllers/ApiTimeSheetController.ts
CE,/api/v1/user-roles,GET,server/src/app/api/v1/user-roles/route.ts,ApiUserController,@/lib/api/controllers/ApiUserController,server/src/lib/api/controllers/ApiUserController.ts
CE,/api/v1/user/telemetry-decision,GET,server/src/app/api/v1/user/telemetry-decision/route.ts,,,
CE,/api/v1/user/telemetry-preferences,DELETE GET POST,server/src/app/api/v1/user/telemetry-preferences/route.ts,,,
CE,/api/v1/users,GET POST,server/src/app/api/v1/users/route.ts,ApiUserController,@/lib/api/controllers/ApiUserController,server/src/lib/api/controllers/ApiUserController.ts
CE,/api/v1/users/activity,GET,server/src/app/api/v1/users/activity/route.ts,ApiUserController,@/lib/api/controllers/ApiUserController,server/src/lib/api/controllers/ApiUserController.ts
CE,/api/v1/users/bulk/create,POST,server/src/app/api/v1/users/bulk/create/route.ts,ApiUserController,@/lib/api/controllers/ApiUserController,server/src/lib/api/controllers/ApiUserController.ts
CE,/api/v1/users/bulk/deactivate,PUT,server/src/app/api/v1/users/bulk/deactivate/route.ts,ApiUserController,@/lib/api/controllers/ApiUserController,server/src/lib/api/controllers/ApiUserController.ts
CE,/api/v1/users/search,GET,server/src/app/api/v1/users/search/route.ts,ApiUserController,@/lib/api/controllers/ApiUserController,server/src/lib/api/controllers/ApiUserController.ts
CE,/api/v1/users/stats,GET,server/src/app/api/v1/users/stats/route.ts,ApiUserController,@/lib/api/controllers/ApiUserController,server/src/lib/api/controllers/ApiUserController.ts
CE,/api/v1/users/{id},DELETE GET PUT,server/src/app/api/v1/users/[id]/route.ts,ApiUserController,@/lib/api/controllers/ApiUserController,server/src/lib/api/controllers/ApiUserController.ts
CE,/api/v1/users/{id}/2fa/disable,DELETE,server/src/app/api/v1/users/[id]/2fa/disable/route.ts,ApiUserController,@/lib/api/controllers/ApiUserController,server/src/lib/api/controllers/ApiUserController.ts
CE,/api/v1/users/{id}/2fa/enable,POST,server/src/app/api/v1/users/[id]/2fa/enable/route.ts,ApiUserController,@/lib/api/controllers/ApiUserController,server/src/lib/api/controllers/ApiUserController.ts
CE,/api/v1/users/{id}/activity,GET,server/src/app/api/v1/users/[id]/activity/route.ts,ApiUserController,@/lib/api/controllers/ApiUserController,server/src/lib/api/controllers/ApiUserController.ts
CE,/api/v1/users/{id}/avatar,DELETE POST,server/src/app/api/v1/users/[id]/avatar/route.ts,ApiUserController,@/lib/api/controllers/ApiUserController,server/src/lib/api/controllers/ApiUserController.ts
CE,/api/v1/users/{id}/password,PUT,server/src/app/api/v1/users/[id]/password/route.ts,ApiUserController,@/lib/api/controllers/ApiUserController,server/src/lib/api/controllers/ApiUserController.ts
CE,/api/v1/users/{id}/permissions,GET,server/src/app/api/v1/users/[id]/permissions/route.ts,ApiUserController,@/lib/api/controllers/ApiUserController,server/src/lib/api/controllers/ApiUserController.ts
CE,/api/v1/users/{id}/preferences,GET PUT,server/src/app/api/v1/users/[id]/preferences/route.ts,ApiUserController,@/lib/api/controllers/ApiUserController,server/src/lib/api/controllers/ApiUserController.ts
CE,/api/v1/users/{id}/roles,DELETE GET POST PUT,server/src/app/api/v1/users/[id]/roles/route.ts,ApiUserController,@/lib/api/controllers/ApiUserController,server/src/lib/api/controllers/ApiUserController.ts
CE,/api/v1/users/{id}/teams,GET POST,server/src/app/api/v1/users/[id]/teams/route.ts,ApiUserController,@/lib/api/controllers/ApiUserController,server/src/lib/api/controllers/ApiUserController.ts
CE,/api/v1/users/{id}/teams/{teamId},DELETE,server/src/app/api/v1/users/[id]/teams/[teamId]/route.ts,ApiUserController,@/lib/api/controllers/ApiUserController,server/src/lib/api/controllers/ApiUserController.ts
CE,/api/v1/webhooks,GET POST,server/src/app/api/v1/webhooks/route.ts,ApiWebhookController,server/src/lib/api/controllers/ApiWebhookController,server/src/lib/api/controllers/ApiWebhookController.ts
CE,/api/v1/webhooks/analytics,GET,server/src/app/api/v1/webhooks/analytics/route.ts,ApiWebhookController,server/src/lib/api/controllers/ApiWebhookController,server/src/lib/api/controllers/ApiWebhookController.ts
CE,/api/v1/webhooks/bulk,POST,server/src/app/api/v1/webhooks/bulk/route.ts,ApiWebhookController,server/src/lib/api/controllers/ApiWebhookController,server/src/lib/api/controllers/ApiWebhookController.ts
CE,/api/v1/webhooks/events,GET,server/src/app/api/v1/webhooks/events/route.ts,ApiWebhookController,server/src/lib/api/controllers/ApiWebhookController,server/src/lib/api/controllers/ApiWebhookController.ts
CE,/api/v1/webhooks/events/trigger,POST,server/src/app/api/v1/webhooks/events/trigger/route.ts,ApiWebhookController,server/src/lib/api/controllers/ApiWebhookController,server/src/lib/api/controllers/ApiWebhookController.ts
CE,/api/v1/webhooks/export,GET,server/src/app/api/v1/webhooks/export/route.ts,ApiWebhookController,server/src/lib/api/controllers/ApiWebhookController,server/src/lib/api/controllers/ApiWebhookController.ts
CE,/api/v1/webhooks/filter/test,POST,server/src/app/api/v1/webhooks/filter/test/route.ts,ApiWebhookController,server/src/lib/api/controllers/ApiWebhookController,server/src/lib/api/controllers/ApiWebhookController.ts
CE,/api/v1/webhooks/health,GET,server/src/app/api/v1/webhooks/health/route.ts,ApiWebhookController,server/src/lib/api/controllers/ApiWebhookController,server/src/lib/api/controllers/ApiWebhookController.ts
CE,/api/v1/webhooks/search,GET,server/src/app/api/v1/webhooks/search/route.ts,ApiWebhookController,server/src/lib/api/controllers/ApiWebhookController,server/src/lib/api/controllers/ApiWebhookController.ts
CE,/api/v1/webhooks/subscriptions,GET POST,server/src/app/api/v1/webhooks/subscriptions/route.ts,ApiWebhookController,server/src/lib/api/controllers/ApiWebhookController,server/src/lib/api/controllers/ApiWebhookController.ts
CE,/api/v1/webhooks/templates,GET POST,server/src/app/api/v1/webhooks/templates/route.ts,ApiWebhookController,server/src/lib/api/controllers/ApiWebhookController,server/src/lib/api/controllers/ApiWebhookController.ts
CE,/api/v1/webhooks/templates/{id},DELETE GET PUT,server/src/app/api/v1/webhooks/templates/[id]/route.ts,ApiWebhookController,server/src/lib/api/controllers/ApiWebhookController,server/src/lib/api/controllers/ApiWebhookController.ts
CE,/api/v1/webhooks/templates/{id}/create,POST,server/src/app/api/v1/webhooks/templates/[id]/create/route.ts,ApiWebhookController,server/src/lib/api/controllers/ApiWebhookController,server/src/lib/api/controllers/ApiWebhookController.ts
CE,/api/v1/webhooks/test,POST,server/src/app/api/v1/webhooks/test/route.ts,ApiWebhookController,server/src/lib/api/controllers/ApiWebhookController,server/src/lib/api/controllers/ApiWebhookController.ts
CE,/api/v1/webhooks/transform/test,POST,server/src/app/api/v1/webhooks/transform/test/route.ts,ApiWebhookController,server/src/lib/api/controllers/ApiWebhookController,server/src/lib/api/controllers/ApiWebhookController.ts
CE,/api/v1/webhooks/validate,POST,server/src/app/api/v1/webhooks/validate/route.ts,ApiWebhookController,server/src/lib/api/controllers/ApiWebhookController,server/src/lib/api/controllers/ApiWebhookController.ts
CE,/api/v1/webhooks/verify,POST,server/src/app/api/v1/webhooks/verify/route.ts,ApiWebhookController,server/src/lib/api/controllers/ApiWebhookController,server/src/lib/api/controllers/ApiWebhookController.ts
CE,/api/v1/webhooks/{id},DELETE GET PUT,server/src/app/api/v1/webhooks/[id]/route.ts,ApiWebhookController,server/src/lib/api/controllers/ApiWebhookController,server/src/lib/api/controllers/ApiWebhookController.ts
CE,/api/v1/webhooks/{id}/analytics,GET,server/src/app/api/v1/webhooks/[id]/analytics/route.ts,ApiWebhookController,server/src/lib/api/controllers/ApiWebhookController,server/src/lib/api/controllers/ApiWebhookController.ts
CE,/api/v1/webhooks/{id}/deliveries,GET,server/src/app/api/v1/webhooks/[id]/deliveries/route.ts,ApiWebhookController,server/src/lib/api/controllers/ApiWebhookController,server/src/lib/api/controllers/ApiWebhookController.ts
CE,/api/v1/webhooks/{id}/deliveries/{delivery_id},GET,server/src/app/api/v1/webhooks/[id]/deliveries/[delivery_id]/route.ts,ApiWebhookController,server/src/lib/api/controllers/ApiWebhookController,server/src/lib/api/controllers/ApiWebhookController.ts
CE,/api/v1/webhooks/{id}/deliveries/{delivery_id}/retry,POST,server/src/app/api/v1/webhooks/[id]/deliveries/[delivery_id]/retry/route.ts,ApiWebhookController,server/src/lib/api/controllers/ApiWebhookController,server/src/lib/api/controllers/ApiWebhookController.ts
CE,/api/v1/webhooks/{id}/filter/test,POST,server/src/app/api/v1/webhooks/[id]/filter/test/route.ts,ApiWebhookController,server/src/lib/api/controllers/ApiWebhookController,server/src/lib/api/controllers/ApiWebhookController.ts
CE,/api/v1/webhooks/{id}/health,GET,server/src/app/api/v1/webhooks/[id]/health/route.ts,ApiWebhookController,server/src/lib/api/controllers/ApiWebhookController,server/src/lib/api/controllers/ApiWebhookController.ts
CE,/api/v1/webhooks/{id}/secret/rotate,POST,server/src/app/api/v1/webhooks/[id]/secret/rotate/route.ts,ApiWebhookController,server/src/lib/api/controllers/ApiWebhookController,server/src/lib/api/controllers/ApiWebhookController.ts
CE,/api/v1/webhooks/{id}/subscriptions,GET POST,server/src/app/api/v1/webhooks/[id]/subscriptions/route.ts,ApiWebhookController,server/src/lib/api/controllers/ApiWebhookController,server/src/lib/api/controllers/ApiWebhookController.ts
CE,/api/v1/webhooks/{id}/test,POST,server/src/app/api/v1/webhooks/[id]/test/route.ts,ApiWebhookController,server/src/lib/api/controllers/ApiWebhookController,server/src/lib/api/controllers/ApiWebhookController.ts
CE,/api/v1/webhooks/{id}/transform/test,POST,server/src/app/api/v1/webhooks/[id]/transform/test/route.ts,ApiWebhookController,server/src/lib/api/controllers/ApiWebhookController,server/src/lib/api/controllers/ApiWebhookController.ts
CE,/api/v1/webhooks/{id}/validate,POST,server/src/app/api/v1/webhooks/[id]/validate/route.ts,ApiWebhookController,server/src/lib/api/controllers/ApiWebhookController,server/src/lib/api/controllers/ApiWebhookController.ts
CE,/api/v1/workflows,GET POST,server/src/app/api/v1/workflows/route.ts,ApiWorkflowController,server/src/lib/api/controllers/ApiWorkflowController,server/src/lib/api/controllers/ApiWorkflowController.ts
CE,/api/v1/workflows/analytics,GET,server/src/app/api/v1/workflows/analytics/route.ts,ApiWorkflowController,server/src/lib/api/controllers/ApiWorkflowController,server/src/lib/api/controllers/ApiWorkflowController.ts
CE,/api/v1/workflows/events,GET POST,server/src/app/api/v1/workflows/events/route.ts,ApiWorkflowController,server/src/lib/api/controllers/ApiWorkflowController,server/src/lib/api/controllers/ApiWorkflowController.ts
CE,/api/v1/workflows/events/{id},GET,server/src/app/api/v1/workflows/events/[id]/route.ts,ApiWorkflowController,server/src/lib/api/controllers/ApiWorkflowController,server/src/lib/api/controllers/ApiWorkflowController.ts
CE,/api/v1/workflows/executions,GET POST,server/src/app/api/v1/workflows/executions/route.ts,ApiWorkflowController,server/src/lib/api/controllers/ApiWorkflowController,server/src/lib/api/controllers/ApiWorkflowController.ts
CE,/api/v1/workflows/executions/bulk,POST,server/src/app/api/v1/workflows/executions/bulk/route.ts,ApiWorkflowController,server/src/lib/api/controllers/ApiWorkflowController,server/src/lib/api/controllers/ApiWorkflowController.ts
CE,/api/v1/workflows/executions/bulk-action,POST,server/src/app/api/v1/workflows/executions/bulk-action/route.ts,ApiWorkflowController,server/src/lib/api/controllers/ApiWorkflowController,server/src/lib/api/controllers/ApiWorkflowController.ts
CE,/api/v1/workflows/executions/{id},GET PUT,server/src/app/api/v1/workflows/executions/[id]/route.ts,ApiWorkflowController,server/src/lib/api/controllers/ApiWorkflowController,server/src/lib/api/controllers/ApiWorkflowController.ts
CE,/api/v1/workflows/executions/{id}/cancel,POST,server/src/app/api/v1/workflows/executions/[id]/cancel/route.ts,ApiWorkflowController,server/src/lib/api/controllers/ApiWorkflowController,server/src/lib/api/controllers/ApiWorkflowController.ts
CE,/api/v1/workflows/executions/{id}/pause,POST,server/src/app/api/v1/workflows/executions/[id]/pause/route.ts,ApiWorkflowController,server/src/lib/api/controllers/ApiWorkflowController,server/src/lib/api/controllers/ApiWorkflowController.ts
CE,/api/v1/workflows/executions/{id}/restart,POST,server/src/app/api/v1/workflows/executions/[id]/restart/route.ts,ApiWorkflowController,server/src/lib/api/controllers/ApiWorkflowController,server/src/lib/api/controllers/ApiWorkflowController.ts
CE,/api/v1/workflows/executions/{id}/resume,POST,server/src/app/api/v1/workflows/executions/[id]/resume/route.ts,ApiWorkflowController,server/src/lib/api/controllers/ApiWorkflowController,server/src/lib/api/controllers/ApiWorkflowController.ts
CE,/api/v1/workflows/export,GET,server/src/app/api/v1/workflows/export/route.ts,ApiWorkflowController,server/src/lib/api/controllers/ApiWorkflowController,server/src/lib/api/controllers/ApiWorkflowController.ts
CE,/api/v1/workflows/import,POST,server/src/app/api/v1/workflows/import/route.ts,ApiWorkflowController,server/src/lib/api/controllers/ApiWorkflowController,server/src/lib/api/controllers/ApiWorkflowController.ts
CE,/api/v1/workflows/search,GET,server/src/app/api/v1/workflows/search/route.ts,ApiWorkflowController,server/src/lib/api/controllers/ApiWorkflowController,server/src/lib/api/controllers/ApiWorkflowController.ts
CE,/api/v1/workflows/tasks,GET POST,server/src/app/api/v1/workflows/tasks/route.ts,ApiWorkflowController,server/src/lib/api/controllers/ApiWorkflowController,server/src/lib/api/controllers/ApiWorkflowController.ts
CE,/api/v1/workflows/tasks/bulk-assign,POST,server/src/app/api/v1/workflows/tasks/bulk-assign/route.ts,ApiWorkflowController,server/src/lib/api/controllers/ApiWorkflowController,server/src/lib/api/controllers/ApiWorkflowController.ts
CE,/api/v1/workflows/tasks/{id},GET PUT,server/src/app/api/v1/workflows/tasks/[id]/route.ts,ApiWorkflowController,server/src/lib/api/controllers/ApiWorkflowController,server/src/lib/api/controllers/ApiWorkflowController.ts
CE,/api/v1/workflows/tasks/{id}/claim,POST,server/src/app/api/v1/workflows/tasks/[id]/claim/route.ts,ApiWorkflowController,server/src/lib/api/controllers/ApiWorkflowController,server/src/lib/api/controllers/ApiWorkflowController.ts
CE,/api/v1/workflows/tasks/{id}/complete,POST,server/src/app/api/v1/workflows/tasks/[id]/complete/route.ts,ApiWorkflowController,server/src/lib/api/controllers/ApiWorkflowController,server/src/lib/api/controllers/ApiWorkflowController.ts
CE,/api/v1/workflows/templates,GET POST,server/src/app/api/v1/workflows/templates/route.ts,ApiWorkflowController,server/src/lib/api/controllers/ApiWorkflowController,server/src/lib/api/controllers/ApiWorkflowController.ts
CE,/api/v1/workflows/templates/{id},DELETE GET PUT,server/src/app/api/v1/workflows/templates/[id]/route.ts,ApiWorkflowController,server/src/lib/api/controllers/ApiWorkflowController,server/src/lib/api/controllers/ApiWorkflowController.ts
CE,/api/v1/workflows/{id},DELETE GET PUT,server/src/app/api/v1/workflows/[id]/route.ts,ApiWorkflowController,server/src/lib/api/controllers/ApiWorkflowController,server/src/lib/api/controllers/ApiWorkflowController.ts
EE,/api/ext-contracts/abort,POST,ee/server/src/app/api/ext-contracts/abort/route.ts,,,
EE,/api/ext-contracts/finalize,POST,ee/server/src/app/api/ext-contracts/finalize/route.ts,,,
EE,/api/ext-contracts/upload-proxy,POST,ee/server/src/app/api/ext-contracts/upload-proxy/route.ts,,,
EE,/api/ext/{extensionId}/{path},DELETE GET PATCH POST PUT,ee/server/src/app/api/ext/[extensionId]/[...path]/route.ts,AbortController,,
EE,/api/extensions/install-info,GET,ee/server/src/app/api/extensions/install-info/route.ts,,,
EE,/api/extensions/registry-db-check,GET,ee/server/src/app/api/extensions/registry-db-check/route.ts,,,
EE,/api/extensions/reprovision,POST,ee/server/src/app/api/extensions/reprovision/route.ts,,,
EE,/api/installs/lookup-by-host,GET,ee/server/src/app/api/installs/lookup-by-host/route.ts,,,
EE,/api/installs/validate,GET,ee/server/src/app/api/installs/validate/route.ts,,,
EE,/api/provisioning/tenants,POST,ee/server/src/app/api/provisioning/tenants/route.ts,,,
EE,/api/v1/auth/verify,POST,ee/server/src/app/api/v1/auth/verify/route.ts,,,
